{
  "BLEU": 0.4658887352227218,
  "chrF": 3.011888919071486,
  "TER": 246.80187207488297
}