{
  "BLEU": 10.395594542059374,
  "chrF": 15.088026662038518,
  "TER": 148.81828748547073
}