{
  "BLEU": 10.569605823726466,
  "chrF": 17.863612200018455,
  "TER": 158.89190236342503
}