{
  "BLEU": 6.082880051925528,
  "chrF": 10.898990815449611,
  "TER": 214.06431615652846
}