{
  "BLEU": 0.0037111498454942314,
  "chrF": 0.39758992537571947,
  "TER": 373.49864393645873
}